Workbook

Sheet NB MACCS
A1: Overall Performance Metrics: Naïve Bayes (MACCS Keys)
B3: Training Set | C3: Test Set | D3: Notes
A4: True Negatives
A5: False Positives
A6: False Negatives
A7: True Positives
A9: Accuracy
A10: Precision
A11: Sensitivity
A12: Specificity
A13: Balanaced Accuracy
A14: F1 Score
A15: AUC-ROC
A17: Selectived examples from test set (replace Molecule X with SMILES or other identifier. Use the same for each model) | B17: Actual Activity (1/0) | C17: predicted activity (1/0)
A18: Molecule 1
A19: Molecule 2
A20: Molecule 3
A21: Molecule 4
A22: Molecule 5
A23: Molecule 6

Sheet NB ECFP4
A1: Overall Performance Metrics: Naïve Bayes (ECFP4)
B3: Training Set | C3: Test Set | D3: Notes
A4: True Negatives
A5: False Positives
A6: False Negatives
A7: True Positives
A9: Accuracy
A10: Precision
A11: Sensitivity
A12: Specificity
A13: Balanaced Accuracy
A14: F1 Score
A15: AUC-ROC
A17: Selectived examples from test set (replace Molecule X with SMILES or other identifier. Use the same for each model) | B17: Actual Activity (1/0) | C17: predicted activity (1/0)
A18: Molecule 1
A19: Molecule 2
A20: Molecule 3
A21: Molecule 4
A22: Molecule 5
A23: Molecule 6

Sheet CVDT MACCS
A1: Overall Performance Metrics: Cross Validated Decision Tree MACCS Keys
B3: Training Set | C3: Test Set | D3: Notes
A4: True Negatives
A5: False Positives
A6: False Negatives
A7: True Positives
A9: Accuracy
A10: Precision
A11: Sensitivity
A12: Specificity
A13: Balanaced Accuracy
A14: F1 Score
A15: AUC-ROC
A17: Selectived examples from test set (replace Molecule X with SMILES or other identifier. Use the same for each model) | B17: Actual Activity (1/0) | C17: predicted activity (1/0)
A18: ='NB MACCS'!A18 -> Molecule 1
A19: ='NB MACCS'!A19 -> Molecule 2
A20: ='NB MACCS'!A20 -> Molecule 3
A21: ='NB MACCS'!A21 -> Molecule 4
A22: ='NB MACCS'!A22 -> Molecule 5
A23: ='NB MACCS'!A23 -> Molecule 6

Sheet CVDT ECFP4
A1: Overall Performance Metrics: Cross Validated Decision Tree (ECFP4)
B3: Training Set | C3: Test Set | D3: Notes
A4: True Negatives
A5: False Positives
A6: False Negatives
A7: True Positives
A9: Accuracy
A10: Precision
A11: Sensitivity
A12: Specificity
A13: Balanaced Accuracy
A14: F1 Score
A15: AUC-ROC
A17: Selectived examples from test set (replace Molecule X with SMILES or other identifier. Use the same for each model) | B17: Actual Activity (1/0) | C17: predicted activity (1/0)
A18: ='NB MACCS'!A18 -> Molecule 1
A19: ='NB MACCS'!A19 -> Molecule 2
A20: ='NB MACCS'!A20 -> Molecule 3
A21: ='NB MACCS'!A21 -> Molecule 4
A22: ='NB MACCS'!A22 -> Molecule 5
A23: ='NB MACCS'!A23 -> Molecule 6

Sheet RF MACCS
A1: Overall Performance Metrics: Random Forest MACCS Keys
B3: Training Set | C3: Test Set | D3: Notes
A4: True Negatives
A5: False Positives
A6: False Negatives
A7: True Positives
A9: Accuracy
A10: Precision
A11: Sensitivity
A12: Specificity
A13: Balanaced Accuracy
A14: F1 Score
A15: AUC-ROC
A17: Selectived examples from test set (replace Molecule X with SMILES or other identifier. Use the same for each model) | B17: Actual Activity (1/0) | C17: predicted activity (1/0)
A18: ='NB MACCS'!A18 -> Molecule 1
A19: ='NB MACCS'!A19 -> Molecule 2
A20: ='NB MACCS'!A20 -> Molecule 3
A21: ='NB MACCS'!A21 -> Molecule 4
A22: ='NB MACCS'!A22 -> Molecule 5
A23: ='NB MACCS'!A23 -> Molecule 6

Sheet RFECFP4
A1: Overall Performance Metrics: Random Forest (ECFP4)
B3: Training Set | C3: Test Set | D3: Notes
A4: True Negatives
A5: False Positives
A6: False Negatives
A7: True Positives
A9: Accuracy
A10: Precision
A11: Sensitivity
A12: Specificity
A13: Balanaced Accuracy
A14: F1 Score
A15: AUC-ROC
A17: Selectived examples from test set (replace Molecule X with SMILES or other identifier. Use the same for each model) | B17: Actual Activity (1/0) | C17: predicted activity (1/0)
A18: ='NB MACCS'!A18 -> Molecule 1
A19: ='NB MACCS'!A19 -> Molecule 2
A20: ='NB MACCS'!A20 -> Molecule 3
A21: ='NB MACCS'!A21 -> Molecule 4
A22: ='NB MACCS'!A22 -> Molecule 5
A23: ='NB MACCS'!A23 -> Molecule 6

Sheet Reflection
B3: Naïve Bayes MACCS Test Set | C3: Naïve Bayes ECFP Test Set | D3: Decision Tree MACCS test Set | E3: Decision Tree ECFP4test Set | F3: Random Forest MACCS Test Set | G3: Random Forest ECFP4 Test Set
A4: True Negatives | B4: ='NB MACCS'!C4 -> 0 | C4: ='NB ECFP4'!C4 -> 0 | D4: ='CVDT MACCS'!C4 -> 0 | E4: ='CVDT ECFP4'!C4 -> 0 | F4: ='RF MACCS'!C4 -> 0 | G4: =RFECFP4!C4 -> 0
A5: False Positives | B5: ='NB MACCS'!C5 -> 0 | C5: ='NB ECFP4'!C5 -> 0 | D5: ='CVDT MACCS'!C5 -> 0 | E5: ='CVDT ECFP4'!C5 -> 0 | F5: ='RF MACCS'!C5 -> 0 | G5: =RFECFP4!C5 -> 0
A6: False Negatives | B6: ='NB MACCS'!C6 -> 0 | C6: ='NB ECFP4'!C6 -> 0 | D6: ='CVDT MACCS'!C6 -> 0 | E6: ='CVDT ECFP4'!C6 -> 0 | F6: ='RF MACCS'!C6 -> 0 | G6: =RFECFP4!C6 -> 0
A7: True Positives | B7: ='NB MACCS'!C7 -> 0 | C7: ='NB ECFP4'!C7 -> 0 | D7: ='CVDT MACCS'!C7 -> 0 | E7: ='CVDT ECFP4'!C7 -> 0 | F7: ='RF MACCS'!C7 -> 0 | G7: =RFECFP4!C7 -> 0
A9: Accuracy | B9: ='NB MACCS'!C9 -> 0 | C9: ='NB ECFP4'!C9 -> 0 | D9: ='CVDT MACCS'!C9 -> 0 | E9: ='CVDT ECFP4'!C9 -> 0 | F9: ='RF MACCS'!C9 -> 0 | G9: =RFECFP4!C9 -> 0
A10: Precision | B10: ='NB MACCS'!C10 -> 0 | C10: ='NB ECFP4'!C10 -> 0 | D10: ='CVDT MACCS'!C10 -> 0 | E10: ='CVDT ECFP4'!C10 -> 0 | F10: ='RF MACCS'!C10 -> 0 | G10: =RFECFP4!C10 -> 0
A11: Sensitivity | B11: ='NB MACCS'!C11 -> 0 | C11: ='NB ECFP4'!C11 -> 0 | D11: ='CVDT MACCS'!C11 -> 0 | E11: ='CVDT ECFP4'!C11 -> 0 | F11: ='RF MACCS'!C11 -> 0 | G11: =RFECFP4!C11 -> 0
A12: Specificity | B12: ='NB MACCS'!C12 -> 0 | C12: ='NB ECFP4'!C12 -> 0 | D12: ='CVDT MACCS'!C12 -> 0 | E12: ='CVDT ECFP4'!C12 -> 0 | F12: ='RF MACCS'!C12 -> 0 | G12: =RFECFP4!C12 -> 0
A13: Balanaced Accuracy | B13: ='NB MACCS'!C13 -> 0 | C13: ='NB ECFP4'!C13 -> 0 | D13: ='CVDT MACCS'!C13 -> 0 | E13: ='CVDT ECFP4'!C13 -> 0 | F13: ='RF MACCS'!C13 -> 0 | G13: =RFECFP4!C13 -> 0
A14: F1 Score | B14: ='NB MACCS'!C14 -> 0 | C14: ='NB ECFP4'!C14 -> 0 | D14: ='CVDT MACCS'!C14 -> 0 | E14: ='CVDT ECFP4'!C14 -> 0 | F14: ='RF MACCS'!C14 -> 0 | G14: =RFECFP4!C14 -> 0
A15: AUC-ROC | B15: ='NB MACCS'!C15 -> 0 | C15: ='NB ECFP4'!C15 -> 0 | D15: ='CVDT MACCS'!C15 -> 0 | E15: ='CVDT ECFP4'!C15 -> 0 | F15: ='RF MACCS'!C15 -> 0 | G15: =RFECFP4!C15 -> 0
A17: Selectived examples from test set (replace Molecule X with SMILES or other identifier. Use the same for each model) | B17: predicted activity (1/0) | C17: predicted activity (1/0) | D17: predicted activity (1/0) | E17: predicted activity (1/0) | F17: predicted activity (1/0) | G17: predicted activity (1/0) | H17: Actual Activity (1/0)
A18: ='NB MACCS'!A18 -> Molecule 1 | B18: ='NB MACCS'!C18 -> 0 | D18: ='CVDT MACCS'!C18 -> 0 | E18: ='CVDT ECFP4'!C18 -> 0 | F18: ='RF MACCS'!C18 -> 0 | G18: =RFECFP4!C18 -> 0 | H18: ='NB MACCS'!B18 -> 0
A19: ='NB MACCS'!A19 -> Molecule 2 | B19: ='NB MACCS'!C19 -> 0 | D19: ='CVDT MACCS'!C19 -> 0 | E19: ='CVDT ECFP4'!C19 -> 0 | F19: ='RF MACCS'!C19 -> 0 | G19: =RFECFP4!C19 -> 0 | H19: ='NB MACCS'!B19 -> 0
A20: ='NB MACCS'!A20 -> Molecule 3 | B20: ='NB MACCS'!C20 -> 0 | D20: ='CVDT MACCS'!C20 -> 0 | E20: ='CVDT ECFP4'!C20 -> 0 | F20: ='RF MACCS'!C20 -> 0 | G20: =RFECFP4!C20 -> 0 | H20: ='NB MACCS'!B20 -> 0
A21: ='NB MACCS'!A21 -> Molecule 4 | B21: ='NB MACCS'!C21 -> 0 | D21: ='CVDT MACCS'!C21 -> 0 | E21: ='CVDT ECFP4'!C21 -> 0 | F21: ='RF MACCS'!C21 -> 0 | G21: =RFECFP4!C21 -> 0 | H21: ='NB MACCS'!B21 -> 0
A22: ='NB MACCS'!A22 -> Molecule 5 | B22: ='NB MACCS'!C22 -> 0 | D22: ='CVDT MACCS'!C22 -> 0 | E22: ='CVDT ECFP4'!C22 -> 0 | F22: ='RF MACCS'!C22 -> 0 | G22: =RFECFP4!C22 -> 0 | H22: ='NB MACCS'!B22 -> 0
A23: ='NB MACCS'!A23 -> Molecule 6 | B23: ='NB MACCS'!C23 -> 0 | D23: ='CVDT MACCS'!C23 -> 0 | E23: ='CVDT ECFP4'!C23 -> 0 | F23: ='RF MACCS'!C23 -> 0 | G23: =RFECFP4!C23 -> 0 | H23: ='NB MACCS'!B23 -> 0
A27: Did any of your molecules outside the original dataset (e.g., ones you added) receive different predictions depending on the model?
A28: Which model do you trust most for these borderline cases, and why?
